{
  "data" : {
    "lookups" : [
      "free-text",
      "keywords"
    ],
    "name" : "greeting",
    "lang" : "en",
    "exotic" : false,
    "id" : "greeting",
    "values" : [
      {
        "value" : "Hello",
        "expressions" : [
          "Hello"
        ]
      },
      {
        "value" : "Hey",
        "expressions" : [
          "Hey"
        ]
      },
      {
        "value" : "Hi",
        "expressions" : [
          "Hi"
        ]
      },
      {
        "value" : "Howdy",
        "expressions" : [
          "Howdy"
        ]
      },
      {
        "value" : "Sup",
        "expressions" : [
          "Sup"
        ]
      },
      {
        "value" : "What's up",
        "expressions" : [
          "What's up"
        ]
      },
      {
        "value" : "Whazzup",
        "expressions" : [
          "Whazzup"
        ]
      },
      {
        "value" : "Yo",
        "expressions" : [
          "Yo"
        ]
      }
    ],
    "doc" : "User-defined entity",
    "builtin" : false
  }
}