{
  "data" : [
    {
      "text" : "18:30",
      "entities" : [
        {
          "entity" : "datetime",
          "value" : "\"2016-12-11T18:30:00.000Z\"",
          "start" : 0,
          "end" : 5
        }
      ]
    },
    {
      "text" : "4pm",
      "entities" : [
        {
          "entity" : "datetime",
          "value" : "\"2016-12-11T16:00:00.000Z\"",
          "start" : 0,
          "end" : 3
        }
      ]
    },
    {
      "text" : "7pm",
      "entities" : [
        {
          "entity" : "datetime",
          "value" : "\"2016-12-12T19:00:00.000Z\"",
          "start" : 0,
          "end" : 3
        }
      ]
    },
    {
      "text" : "8pm",
      "entities" : [
        {
          "entity" : "datetime",
          "value" : "\"2016-12-12T20:00:00.000Z\"",
          "start" : 0,
          "end" : 3
        }
      ]
    },
    {
      "text" : "9pm",
      "entities" : [
        {
          "entity" : "datetime",
          "value" : "\"2017-01-18T21:00:00.000Z\"",
          "start" : 0,
          "end" : 3
        }
      ]
    },
    {
      "text" : "Buy movie tickets tomorrow at 6pm",
      "entities" : [
        {
          "entity" : "reminder",
          "value" : "\"Buy movie tickets\"",
          "start" : 0,
          "end" : 17
        },
        {
          "entity" : "datetime",
          "value" : "\"2018-01-14T18:00:00.000+00:00\"",
          "start" : 18,
          "end" : 33
        }
      ]
    },
    {
      "text" : "Call mom in 30 minutes",
      "entities" : [
        {
          "entity" : "reminder",
          "value" : "\"Call mom\"",
          "start" : 0,
          "end" : 8
        },
        {
          "entity" : "datetime",
          "value" : "\"2018-01-13T20:53:10.000+00:00\"",
          "start" : 9,
          "end" : 22
        }
      ]
    },
    {
      "text" : "Change my timezone",
      "entities" : [
        {
          "entity" : "intent",
          "value" : "\"set_timezone\""
        }
      ]
    },
    {
      "text" : "Clean up the house tomorrow at 6pm",
      "entities" : [
        {
          "entity" : "reminder",
          "value" : "\"Clean up the house\"",
          "start" : 0,
          "end" : 18
        },
        {
          "entity" : "datetime",
          "value" : "\"2018-01-14T18:00:00.000+00:00\"",
          "start" : 19,
          "end" : 34
        }
      ]
    },
    {
      "text" : "Feed the cat in one hour",
      "entities" : [
        {
          "entity" : "reminder",
          "value" : "\"Feed the cat\"",
          "start" : 0,
          "end" : 12
        },
        {
          "entity" : "datetime",
          "value" : "\"2018-01-13T21:25:00.000+00:00\"",
          "start" : 13,
          "end" : 24
        }
      ]
    },
    {
      "text" : "Go for a run tonight",
      "entities" : [
        {
          "entity" : "reminder",
          "value" : "\"Go for a run\"",
          "start" : 0,
          "end" : 12
        },
        {
          "entity" : "datetime",
          "value" : "{:to \"2018-01-14T00:00:00.000+00:00\", :from \"2018-01-13T18:00:00.000+00:00\"}",
          "start" : 13,
          "end" : 20
        }
      ]
    },
    {
      "text" : "Hello",
      "entities" : [
        {
          "entity" : "greeting",
          "value" : "\"Hello\"",
          "start" : 0,
          "end" : 5
        }
      ]
    },
    {
      "text" : "Hey",
      "entities" : [
        {
          "entity" : "greeting",
          "value" : "\"Hey\"",
          "start" : 0,
          "end" : 3
        }
      ]
    },
    {
      "text" : "Hey there",
      "entities" : [
        {
          "entity" : "greeting",
          "value" : "\"Hey\"",
          "start" : 0,
          "end" : 3
        }
      ]
    },
    {
      "text" : "Hey, show my reminders",
      "entities" : [
        {
          "entity" : "intent",
          "value" : "\"show_reminders\""
        },
        {
          "entity" : "greeting",
          "value" : "\"Hey\"",
          "start" : 0,
          "end" : 3
        }
      ]
    },
    {
      "text" : "Hey, what is my timezone",
      "entities" : [
        {
          "entity" : "intent",
          "value" : "\"show_timezone\""
        },
        {
          "entity" : "greeting",
          "value" : "\"Hey\"",
          "start" : 0,
          "end" : 3
        }
      ]
    },
    {
      "text" : "Hi",
      "entities" : [
        {
          "entity" : "greeting",
          "value" : "\"Hi\"",
          "start" : 0,
          "end" : 2
        }
      ]
    },
    {
      "text" : "Hi there",
      "entities" : [
        {
          "entity" : "greeting",
          "value" : "\"Hi\"",
          "start" : 0,
          "end" : 2
        }
      ]
    },
    {
      "text" : "Hi, reset my timezone",
      "entities" : [
        {
          "entity" : "intent",
          "value" : "\"set_timezone\""
        },
        {
          "entity" : "greeting",
          "value" : "\"Hi\"",
          "start" : 0,
          "end" : 2
        }
      ]
    },
    {
      "text" : "Howdy",
      "entities" : [
        {
          "entity" : "greeting",
          "value" : "\"Howdy\"",
          "start" : 0,
          "end" : 5
        }
      ]
    },
    {
      "text" : "I want to see my reminders",
      "entities" : [
        {
          "entity" : "intent",
          "value" : "\"show_reminders\""
        }
      ]
    },
    {
      "text" : "Make more coffee in 40 minutes",
      "entities" : [
        {
          "entity" : "reminder",
          "value" : "\"Make more coffee\"",
          "start" : 0,
          "end" : 16
        },
        {
          "entity" : "datetime",
          "value" : "\"2018-01-13T21:01:37.000+00:00\"",
          "start" : 17,
          "end" : 30
        }
      ]
    },
    {
      "text" : "My reminders",
      "entities" : [
        {
          "entity" : "intent",
          "value" : "\"show_reminders\""
        }
      ]
    },
    {
      "text" : "My timezone",
      "entities" : [
        {
          "entity" : "intent",
          "value" : "\"show_timezone\""
        }
      ]
    },
    {
      "text" : "Order pizza tonight",
      "entities" : [
        {
          "entity" : "reminder",
          "value" : "\"Order pizza\"",
          "start" : 0,
          "end" : 11
        },
        {
          "entity" : "datetime",
          "value" : "{:to \"2018-01-14T00:00:00.000+00:00\", :from \"2018-01-13T18:00:00.000+00:00\"}",
          "start" : 12,
          "end" : 19
        }
      ]
    },
    {
      "text" : "Reminders",
      "entities" : [
        {
          "entity" : "intent",
          "value" : "\"show_reminders\""
        }
      ]
    },
    {
      "text" : "Reset my timezone",
      "entities" : [
        {
          "entity" : "intent",
          "value" : "\"set_timezone\""
        }
      ]
    },
    {
      "text" : "Reset timezone",
      "entities" : [
        {
          "entity" : "intent",
          "value" : "\"set_timezone\""
        }
      ]
    },
    {
      "text" : "Respond to important emails tomorrow morning",
      "entities" : [
        {
          "entity" : "reminder",
          "value" : "\"Respond to important emails\"",
          "start" : 0,
          "end" : 27
        },
        {
          "entity" : "datetime",
          "value" : "{:to \"2018-01-14T12:00:00.000+00:00\", :from \"2018-01-14T04:00:00.000+00:00\"}",
          "start" : 28,
          "end" : 44
        }
      ]
    },
    {
      "text" : "See my reminders",
      "entities" : [
        {
          "entity" : "intent",
          "value" : "\"show_reminders\""
        }
      ]
    },
    {
      "text" : "Show my reminders",
      "entities" : [
        {
          "entity" : "intent",
          "value" : "\"show_reminders\""
        }
      ]
    },
    {
      "text" : "Show my timezone",
      "entities" : [
        {
          "entity" : "intent",
          "value" : "\"show_timezone\""
        }
      ]
    },
    {
      "text" : "Show reminders",
      "entities" : [
        {
          "entity" : "intent",
          "value" : "\"show_reminders\""
        }
      ]
    },
    {
      "text" : "Show timezone",
      "entities" : [
        {
          "entity" : "intent",
          "value" : "\"show_timezone\""
        }
      ]
    },
    {
      "text" : "Sup",
      "entities" : [
        {
          "entity" : "greeting",
          "value" : "\"Sup\"",
          "start" : 0,
          "end" : 3
        }
      ]
    },
    {
      "text" : "Sup?",
      "entities" : [
        {
          "entity" : "greeting",
          "value" : "\"Sup\"",
          "start" : 0,
          "end" : 3
        }
      ]
    },
    {
      "text" : "Take out the garbage tonight",
      "entities" : [
        {
          "entity" : "reminder",
          "value" : "\"Take out the garbage\"",
          "start" : 0,
          "end" : 20
        },
        {
          "entity" : "datetime",
          "value" : "{:to \"2018-01-14T00:00:00.000+00:00\", :from \"2018-01-13T18:00:00.000+00:00\"}",
          "start" : 21,
          "end" : 28
        }
      ]
    },
    {
      "text" : "Timezone",
      "entities" : [
        {
          "entity" : "intent",
          "value" : "\"show_timezone\""
        }
      ]
    },
    {
      "text" : "Update my GitHub profile at 8pm",
      "entities" : [
        {
          "entity" : "reminder",
          "value" : "\"Update my GitHub profile\"",
          "start" : 0,
          "end" : 24
        },
        {
          "entity" : "datetime",
          "value" : "\"2018-01-13T20:00:00.000+00:00\"",
          "start" : 25,
          "end" : 31
        }
      ]
    },
    {
      "text" : "Update my timezone",
      "entities" : [
        {
          "entity" : "intent",
          "value" : "\"set_timezone\""
        }
      ]
    },
    {
      "text" : "Walk the dog in one hour",
      "entities" : [
        {
          "entity" : "reminder",
          "value" : "\"Walk the dog\"",
          "start" : 0,
          "end" : 12
        },
        {
          "entity" : "datetime",
          "value" : "\"2018-01-13T21:07:00.000+00:00\"",
          "start" : 13,
          "end" : 24
        }
      ]
    },
    {
      "text" : "What's the weather"
    },
    {
      "text" : "What's up?",
      "entities" : [
        {
          "entity" : "greeting",
          "value" : "\"What's up\"",
          "start" : 0,
          "end" : 9
        }
      ]
    },
    {
      "text" : "Whazzup",
      "entities" : [
        {
          "entity" : "greeting",
          "value" : "\"Whazzup\"",
          "start" : 0,
          "end" : 7
        }
      ]
    },
    {
      "text" : "Write another blog post at 8pm",
      "entities" : [
        {
          "entity" : "reminder",
          "value" : "\"Write another blog post\"",
          "start" : 0,
          "end" : 23
        },
        {
          "entity" : "datetime",
          "value" : "\"2018-01-13T20:00:00.000+00:00\"",
          "start" : 24,
          "end" : 30
        }
      ]
    },
    {
      "text" : "Yo",
      "entities" : [
        {
          "entity" : "greeting",
          "value" : "\"Yo\"",
          "start" : 0,
          "end" : 2
        }
      ]
    },
    {
      "text" : "hello",
      "entities" : [
        {
          "entity" : "greeting",
          "value" : "\"Hello\"",
          "start" : 0,
          "end" : 5
        }
      ]
    },
    {
      "text" : "hi",
      "entities" : [
        {
          "entity" : "greeting",
          "value" : "\"Hi\"",
          "start" : 0,
          "end" : 2
        }
      ]
    },
    {
      "text" : "in 30 minutes",
      "entities" : [
        {
          "entity" : "datetime",
          "value" : "\"2016-12-11T15:35:29.000Z\"",
          "start" : 0,
          "end" : 13
        }
      ]
    },
    {
      "text" : "in one hour",
      "entities" : [
        {
          "entity" : "datetime",
          "value" : "\"2016-12-12T12:41:00.000Z\"",
          "start" : 0,
          "end" : 11
        }
      ]
    },
    {
      "text" : "set timezone",
      "entities" : [
        {
          "entity" : "intent",
          "value" : "\"set_timezone\""
        }
      ]
    },
    {
      "text" : "tomorrow at 9am",
      "entities" : [
        {
          "entity" : "datetime",
          "value" : "\"2016-12-12T09:00:00.000Z\"",
          "start" : 0,
          "end" : 15
        }
      ]
    }
  ]
}