{
  "data" : [
    {
      "text" : "18:30",
      "entities" : [
        {
          "entity" : "datetime",
          "value" : "\"2016-12-11T18:30:00.000Z\"",
          "start" : 0,
          "end" : 5
        }
      ]
    },
    {
      "text" : "4pm",
      "entities" : [
        {
          "entity" : "datetime",
          "value" : "\"2016-12-11T16:00:00.000Z\"",
          "start" : 0,
          "end" : 3
        }
      ]
    },
    {
      "text" : "7pm",
      "entities" : [
        {
          "entity" : "datetime",
          "value" : "\"2016-12-12T19:00:00.000Z\"",
          "start" : 0,
          "end" : 3
        }
      ]
    },
    {
      "text" : "8pm",
      "entities" : [
        {
          "entity" : "datetime",
          "value" : "\"2016-12-12T20:00:00.000Z\"",
          "start" : 0,
          "end" : 3
        }
      ]
    },
    {
      "text" : "Change my timezone",
      "entities" : [
        {
          "entity" : "intent",
          "value" : "\"set_timezone\""
        }
      ]
    },
    {
      "text" : "Hello",
      "entities" : [
        {
          "entity" : "greeting",
          "value" : "\"Hello\"",
          "start" : 0,
          "end" : 5
        }
      ]
    },
    {
      "text" : "Hey there",
      "entities" : [
        {
          "entity" : "greeting",
          "value" : "\"Hey\"",
          "start" : 0,
          "end" : 3
        }
      ]
    },
    {
      "text" : "Hey, remind me to walk the dog in 45 minutes",
      "entities" : [
        {
          "entity" : "greeting",
          "value" : "\"Hey\"",
          "start" : 0,
          "end" : 3
        },
        {
          "entity" : "reminder",
          "value" : "\"walk the dog\"",
          "start" : 18,
          "end" : 30
        },
        {
          "entity" : "datetime",
          "value" : "\"2016-12-11T15:48:07.000Z\"",
          "start" : 31,
          "end" : 44
        }
      ]
    },
    {
      "text" : "Hey, show my reminders",
      "entities" : [
        {
          "entity" : "intent",
          "value" : "\"show_reminders\""
        },
        {
          "entity" : "greeting",
          "value" : "\"Hey\"",
          "start" : 0,
          "end" : 3
        }
      ]
    },
    {
      "text" : "Hey, what is my timezone",
      "entities" : [
        {
          "entity" : "intent",
          "value" : "\"show_timezone\""
        },
        {
          "entity" : "greeting",
          "value" : "\"Hey\"",
          "start" : 0,
          "end" : 3
        }
      ]
    },
    {
      "text" : "Hi there",
      "entities" : [
        {
          "entity" : "greeting",
          "value" : "\"Hi\"",
          "start" : 0,
          "end" : 2
        }
      ]
    },
    {
      "text" : "Hi, reset my timezone",
      "entities" : [
        {
          "entity" : "intent",
          "value" : "\"set_timezone\""
        },
        {
          "entity" : "greeting",
          "value" : "\"Hi\"",
          "start" : 0,
          "end" : 2
        }
      ]
    },
    {
      "text" : "Howdy",
      "entities" : [
        {
          "entity" : "greeting",
          "value" : "\"Howdy\"",
          "start" : 0,
          "end" : 5
        }
      ]
    },
    {
      "text" : "I want to see my reminders",
      "entities" : [
        {
          "entity" : "intent",
          "value" : "\"show_reminders\""
        }
      ]
    },
    {
      "text" : "I want to update my timezone",
      "entities" : [
        {
          "entity" : "intent",
          "value" : "\"set_timezone\""
        },
        {
          "entity" : "reminder",
          "value" : "\"update my timezone\"",
          "start" : 10,
          "end" : 28
        }
      ]
    },
    {
      "text" : "My reminders",
      "entities" : [
        {
          "entity" : "intent",
          "value" : "\"show_reminders\""
        }
      ]
    },
    {
      "text" : "My timezone",
      "entities" : [
        {
          "entity" : "intent",
          "value" : "\"show_timezone\""
        }
      ]
    },
    {
      "text" : "Remind me to attend the meeting",
      "entities" : [
        {
          "entity" : "reminder",
          "value" : "\"attend the meeting\"",
          "start" : 13,
          "end" : 31
        }
      ]
    },
    {
      "text" : "Remind me to buy groceries on Saturday at 10:30am",
      "entities" : [
        {
          "entity" : "reminder",
          "value" : "\"buy groceries\"",
          "start" : 13,
          "end" : 26
        },
        {
          "entity" : "datetime",
          "value" : "\"2016-12-17T10:30:00.000Z\"",
          "start" : 27,
          "end" : 49
        }
      ]
    },
    {
      "text" : "Remind me to buy movie tickets tomorrow at 6pm",
      "entities" : [
        {
          "entity" : "reminder",
          "value" : "\"buy movie tickets\"",
          "start" : 13,
          "end" : 30
        },
        {
          "entity" : "datetime",
          "value" : "\"2016-12-12T18:00:00.000Z\"",
          "start" : 31,
          "end" : 46
        }
      ]
    },
    {
      "text" : "Remind me to call Jack in 30 minutes",
      "entities" : [
        {
          "entity" : "reminder",
          "value" : "\"call Jack\"",
          "start" : 13,
          "end" : 22
        },
        {
          "entity" : "datetime",
          "value" : "\"2016-12-11T15:31:13.000Z\"",
          "start" : 23,
          "end" : 36
        }
      ]
    },
    {
      "text" : "Remind me to call dad tonight",
      "entities" : [
        {
          "entity" : "reminder",
          "value" : "\"call dad\"",
          "start" : 13,
          "end" : 21
        },
        {
          "entity" : "datetime",
          "value" : "{:type \"interval\", :from \"2016-12-12T18:00:00.000Z\", :to \"2016-12-13T00:00:00.000Z\", :values [{:type \"interval\", :from {:value \"2016-12-12T18:00:00.000Z\", :grain \"hour\"}, :to {:value \"2016-12-13T00:00:00.000Z\", :grain \"hour\"}}]}",
          "start" : 22,
          "end" : 29
        }
      ]
    },
    {
      "text" : "Remind me to feed the cat in one hour",
      "entities" : [
        {
          "entity" : "reminder",
          "value" : "\"feed the cat\"",
          "start" : 13,
          "end" : 25
        },
        {
          "entity" : "datetime",
          "value" : "\"2016-12-11T15:59:00.000Z\"",
          "start" : 26,
          "end" : 37
        }
      ]
    },
    {
      "text" : "Remind me to go for a run",
      "entities" : [
        {
          "entity" : "reminder",
          "value" : "\"go for a run\"",
          "start" : 13,
          "end" : 25
        }
      ]
    },
    {
      "text" : "Remind me to go for a run at 7pm",
      "entities" : [
        {
          "entity" : "reminder",
          "value" : "\"go for a run\"",
          "start" : 13,
          "end" : 25
        },
        {
          "entity" : "datetime",
          "value" : "\"2016-12-12T19:00:00.000Z\"",
          "start" : 26,
          "end" : 32
        }
      ]
    },
    {
      "text" : "Remind me to go for a run tonight",
      "entities" : [
        {
          "entity" : "reminder",
          "value" : "\"go for a run\"",
          "start" : 13,
          "end" : 25
        },
        {
          "entity" : "datetime",
          "value" : "{:type \"interval\", :from \"2016-12-12T18:00:00.000Z\", :to \"2016-12-13T00:00:00.000Z\", :values [{:type \"interval\", :from {:value \"2016-12-12T18:00:00.000Z\", :grain \"hour\"}, :to {:value \"2016-12-13T00:00:00.000Z\", :grain \"hour\"}}]}",
          "start" : 26,
          "end" : 33
        }
      ]
    },
    {
      "text" : "Remind me to go for a run tonight at 7pm",
      "entities" : [
        {
          "entity" : "reminder",
          "value" : "\"go for a run\"",
          "start" : 13,
          "end" : 25
        },
        {
          "entity" : "datetime",
          "value" : "\"2016-12-11T19:00:00.000Z\"",
          "start" : 26,
          "end" : 40
        }
      ]
    },
    {
      "text" : "Remind me to go to the bakery Sunday at 9am",
      "entities" : [
        {
          "entity" : "reminder",
          "value" : "\"go to the bakery\"",
          "start" : 13,
          "end" : 29
        },
        {
          "entity" : "datetime",
          "value" : "\"2016-12-11T09:00:00.000Z\"",
          "start" : 30,
          "end" : 43
        }
      ]
    },
    {
      "text" : "Remind me to go to the gym",
      "entities" : [
        {
          "entity" : "reminder",
          "value" : "\"go to the gym\"",
          "start" : 13,
          "end" : 26
        }
      ]
    },
    {
      "text" : "Remind me to go to the gym at 5pm today",
      "entities" : [
        {
          "entity" : "reminder",
          "value" : "\"go to the gym\"",
          "start" : 13,
          "end" : 26
        },
        {
          "entity" : "datetime",
          "value" : "\"2016-12-11T17:00:00.000-08:00\"",
          "start" : 27,
          "end" : 39
        }
      ]
    },
    {
      "text" : "Remind me to go to the gym tonight",
      "entities" : [
        {
          "entity" : "reminder",
          "value" : "\"go to the gym\"",
          "start" : 13,
          "end" : 26
        },
        {
          "entity" : "datetime",
          "value" : "{:type \"interval\", :from \"2016-12-12T18:00:00.000Z\", :to \"2016-12-13T00:00:00.000Z\", :values [{:type \"interval\", :from {:value \"2016-12-12T18:00:00.000Z\", :grain \"hour\"}, :to {:value \"2016-12-13T00:00:00.000Z\", :grain \"hour\"}}]}",
          "start" : 27,
          "end" : 34
        }
      ]
    },
    {
      "text" : "Remind me to go to the team meeting at 4:30pm on Friday",
      "entities" : [
        {
          "entity" : "reminder",
          "value" : "\"go to the team meeting\"",
          "start" : 13,
          "end" : 35
        },
        {
          "entity" : "datetime",
          "value" : "\"2016-12-16T16:30:00.000Z\"",
          "start" : 36,
          "end" : 55
        }
      ]
    },
    {
      "text" : "Remind me to make a backup of my phone tonight",
      "entities" : [
        {
          "entity" : "reminder",
          "value" : "\"make a backup of my phone\"",
          "start" : 13,
          "end" : 38
        },
        {
          "entity" : "datetime",
          "value" : "{:from \"2016-12-12T18:00:00.000Z\", :to \"2016-12-13T00:00:00.000Z\"}",
          "start" : 39,
          "end" : 46
        }
      ]
    },
    {
      "text" : "Remind me to make coffee at 1pm",
      "entities" : [
        {
          "entity" : "reminder",
          "value" : "\"make coffee\"",
          "start" : 13,
          "end" : 24
        },
        {
          "entity" : "datetime",
          "value" : "\"2016-12-12T13:00:00.000Z\"",
          "start" : 25,
          "end" : 31
        }
      ]
    },
    {
      "text" : "Remind me to plan my next trip",
      "entities" : [
        {
          "entity" : "reminder",
          "value" : "\"plan my next trip\"",
          "start" : 13,
          "end" : 30
        }
      ]
    },
    {
      "text" : "Remind me to plan the next hackathon tomorrow at 1pm",
      "entities" : [
        {
          "entity" : "reminder",
          "value" : "\"plan the next hackathon\"",
          "start" : 13,
          "end" : 36
        },
        {
          "entity" : "datetime",
          "value" : "\"2016-12-12T13:00:00.000Z\"",
          "start" : 37,
          "end" : 52
        }
      ]
    },
    {
      "text" : "Remind me to take out the garbage",
      "entities" : [
        {
          "entity" : "reminder",
          "value" : "\"take out the garbage\"",
          "start" : 13,
          "end" : 33
        }
      ]
    },
    {
      "text" : "Remind me to take out the garbage tomorrow at 6pm",
      "entities" : [
        {
          "entity" : "reminder",
          "value" : "\"take out the garbage\"",
          "start" : 13,
          "end" : 33
        },
        {
          "entity" : "datetime",
          "value" : "\"2016-12-12T18:00:00.000Z\"",
          "start" : 34,
          "end" : 49
        }
      ]
    },
    {
      "text" : "Remind me to take out the garbage tonight",
      "entities" : [
        {
          "entity" : "reminder",
          "value" : "\"take out the garbage\"",
          "start" : 13,
          "end" : 33
        },
        {
          "entity" : "datetime",
          "value" : "{:type \"interval\", :from \"2016-12-12T18:00:00.000Z\", :to \"2016-12-13T00:00:00.000Z\", :values [{:type \"interval\", :from {:value \"2016-12-12T18:00:00.000Z\", :grain \"hour\"}, :to {:value \"2016-12-13T00:00:00.000Z\", :grain \"hour\"}}]}",
          "start" : 34,
          "end" : 41
        }
      ]
    },
    {
      "text" : "Remind me to text my client in one hour",
      "entities" : [
        {
          "entity" : "reminder",
          "value" : "\"text my client\"",
          "start" : 13,
          "end" : 27
        },
        {
          "entity" : "datetime",
          "value" : "\"2016-12-11T16:10:00.000Z\"",
          "start" : 28,
          "end" : 39
        }
      ]
    },
    {
      "text" : "Remind me to update my schedule at 9pm",
      "entities" : [
        {
          "entity" : "reminder",
          "value" : "\"update my schedule\"",
          "start" : 13,
          "end" : 31
        },
        {
          "entity" : "datetime",
          "value" : "\"2016-12-11T21:00:00.000Z\"",
          "start" : 32,
          "end" : 38
        }
      ]
    },
    {
      "text" : "Remind me to update the calendar at noon",
      "entities" : [
        {
          "entity" : "reminder",
          "value" : "\"update the calendar\"",
          "start" : 13,
          "end" : 32
        },
        {
          "entity" : "datetime",
          "value" : "\"2016-12-12T12:00:00.000Z\"",
          "start" : 33,
          "end" : 40
        }
      ]
    },
    {
      "text" : "Remind me to walk the dog after dinner",
      "entities" : [
        {
          "entity" : "reminder",
          "value" : "\"walk the dog\"",
          "start" : 13,
          "end" : 25
        }
      ]
    },
    {
      "text" : "Remind me to walk the dog after lunch",
      "entities" : [
        {
          "entity" : "reminder",
          "value" : "\"walk the dog\"",
          "start" : 13,
          "end" : 25
        },
        {
          "entity" : "datetime",
          "value" : "{:type \"interval\", :from \"2016-12-12T13:00:00.000Z\", :to \"2016-12-12T17:00:00.000Z\", :values [{:type \"interval\", :from {:value \"2016-12-12T13:00:00.000Z\", :grain \"hour\"}, :to {:value \"2016-12-12T17:00:00.000Z\", :grain \"hour\"}}]}",
          "start" : 26,
          "end" : 37
        }
      ]
    },
    {
      "text" : "Reminders",
      "entities" : [
        {
          "entity" : "intent",
          "value" : "\"show_reminders\""
        }
      ]
    },
    {
      "text" : "Reset my timezone",
      "entities" : [
        {
          "entity" : "intent",
          "value" : "\"set_timezone\""
        }
      ]
    },
    {
      "text" : "Reset timezone",
      "entities" : [
        {
          "entity" : "intent",
          "value" : "\"set_timezone\""
        }
      ]
    },
    {
      "text" : "See my reminders",
      "entities" : [
        {
          "entity" : "intent",
          "value" : "\"show_reminders\""
        }
      ]
    },
    {
      "text" : "Set timezone",
      "entities" : [
        {
          "entity" : "intent",
          "value" : "\"set_timezone\""
        }
      ]
    },
    {
      "text" : "Show all my reminders",
      "entities" : [
        {
          "entity" : "intent",
          "value" : "\"show_reminders\""
        },
        {
          "entity" : "reminder",
          "value" : "\"Show all my reminders\"",
          "start" : 0,
          "end" : 21
        }
      ]
    },
    {
      "text" : "Show my reminders",
      "entities" : [
        {
          "entity" : "intent",
          "value" : "\"show_reminders\""
        }
      ]
    },
    {
      "text" : "Show my timezone",
      "entities" : [
        {
          "entity" : "intent",
          "value" : "\"show_timezone\""
        }
      ]
    },
    {
      "text" : "Show reminders",
      "entities" : [
        {
          "entity" : "intent",
          "value" : "\"show_reminders\""
        }
      ]
    },
    {
      "text" : "Show timezone",
      "entities" : [
        {
          "entity" : "intent",
          "value" : "\"show_timezone\""
        }
      ]
    },
    {
      "text" : "Sup?",
      "entities" : [
        {
          "entity" : "greeting",
          "value" : "\"Sup\"",
          "start" : 0,
          "end" : 3
        }
      ]
    },
    {
      "text" : "Timezone",
      "entities" : [
        {
          "entity" : "intent",
          "value" : "\"show_timezone\""
        }
      ]
    },
    {
      "text" : "Update my timezone",
      "entities" : [
        {
          "entity" : "intent",
          "value" : "\"set_timezone\""
        }
      ]
    },
    {
      "text" : "What's up?",
      "entities" : [
        {
          "entity" : "greeting",
          "value" : "\"What's up\"",
          "start" : 0,
          "end" : 9
        }
      ]
    },
    {
      "text" : "Whazzup",
      "entities" : [
        {
          "entity" : "greeting",
          "value" : "\"Whazzup\"",
          "start" : 0,
          "end" : 7
        }
      ]
    },
    {
      "text" : "Yo",
      "entities" : [
        {
          "entity" : "greeting",
          "value" : "\"Yo\"",
          "start" : 0,
          "end" : 2
        }
      ]
    },
    {
      "text" : "hi",
      "entities" : [
        {
          "entity" : "greeting",
          "value" : "\"Hi\"",
          "start" : 0,
          "end" : 2
        }
      ]
    },
    {
      "text" : "in 30 minutes",
      "entities" : [
        {
          "entity" : "datetime",
          "value" : "\"2016-12-11T15:35:29.000Z\"",
          "start" : 0,
          "end" : 13
        }
      ]
    },
    {
      "text" : "in one hour",
      "entities" : [
        {
          "entity" : "datetime",
          "value" : "\"2016-12-12T12:41:00.000Z\"",
          "start" : 0,
          "end" : 11
        }
      ]
    },
    {
      "text" : "tomorrow at 9am",
      "entities" : [
        {
          "entity" : "datetime",
          "value" : "\"2016-12-12T09:00:00.000Z\"",
          "start" : 0,
          "end" : 15
        }
      ]
    }
  ]
}